ID,AUC,TN,TP,FP,FN,TPR,TNR,PPV,NPV,FNR,FPR,FDR,ACC,F1
Low (25%),1,6402,308,0,0,0.0459016393442623,0.954098360655738,1,1,0,0,0,1,1
Cytotoxic,1,6600,110,0,0,0.0163934426229508,0.983606557377049,1,1,0,0,0,1,1
No-Effect,0.987096160826952,1040,5636,8,26,0.844218094667466,0.155781905332534,0.998582565556343,0.975609756097561,0.00459201695513953,0.00763358778625954,0.00141743444365698,0.994932935916543,0.996992747213869
Strong (80%),0.94064491529178,6515,171,23,1,0.0255758300927311,0.974424169907269,0.881443298969072,0.999846531614488,0.00581395348837209,0.00351789538085041,0.118556701030928,0.996423248882265,0.934426229508197
Weak (50%),1,6497,213,0,0,0.0317436661698957,0.968256333830104,1,1,0,0,0,1,1
Very Weak (35%),1,6469,241,0,0,0.0359165424739195,0.96408345752608,1,1,0,0,0,1,1
