ID,AUC,TN,TP,FP,FN,TPR,TNR,PPV,NPV,FNR,FPR,FDR,ACC,F1
Low (25%),1,6402,308,0,0,0.0459016393442623,0.954098360655738,1,1,0,0,0,1,1
Cytotoxic,1,6600,110,0,0,0.0163934426229508,0.983606557377049,1,1,0,0,0,1,1
No-Effect,0.988414700630133,1043,5635,9,23,0.843815513626834,0.156184486373166,0.998405386250886,0.978424015009381,0.0040650406504065,0.00855513307984791,0.0015946137491141,0.995230998509687,0.997168642718103
Strong (80%),0.94830013986191,6514,174,20,2,0.0260167464114833,0.973983253588517,0.896907216494845,0.999693063228975,0.0113636363636364,0.00306091215182124,0.103092783505155,0.99672131147541,0.940540540540541
Weak (50%),1,6497,213,0,0,0.0317436661698957,0.968256333830104,1,1,0,0,0,1,1
Very Weak (35%),1,6469,241,0,0,0.0359165424739195,0.96408345752608,1,1,0,0,0,1,1
